{
  "nyheternasverige.se" : {
    "language" : "en",
    "type" : "fake ",
    "notes" : ""
  },
    "vindoegat.se" : {
      "language" : "en",
      "type" : "fake ",
      "notes" : ""
    },
    "storkensnyheter.se" : {
      "language" : "en",
      "type" : "fake ",
      "notes" : ""
    },
    "70news.wordpress.com" : {
      "language" : "en",
      "type" : "fake ",
      "notes" : ""
    },
    "abcnews.com.co" : {
      "language" : "en",
      "type" : "fake ",
      "notes" : ""
    },
    "americannews.com" : {
      "language" : "en",
      "type" : "fake ",
      "notes" : ""
    },
    "thestatelyharold.com" : {
      "language" : "en",
      "type" : "fake ",
      "notes" : ""
    },
    "theportlygazelle.com" : {
      "language" : "en",
      "type" : "fake ",
      "notes" : ""
    },
    "denfriakarolinen.se" : {
      "language" : "en",
      "type" : "fake ",
      "notes" : ""
    },
    "inzoomat.se" : {
      "language" : "en",
      "type" : "fake ",
      "notes" : ""
    },
    "worldnewsdailyreport.com" : {
      "language" : "en",
      "type" : "fake ",
      "notes" : ""
    },
    "dailycurrant.com" : {
      "language" : "en",
      "type" : "fake ",
      "notes" : ""
    },
    "newsthump.com" : {
      "language" : "en",
      "type" : "fake ",
      "notes" : ""
    },
    "mogul.ws" : {
      "language" : "en",
      "type" : "fake ",
      "notes" : ""
    },
    "pakistantoday.com.pk/author/khabaristantoday" : {
      "language" : "en",
      "type" : "fake ",
      "notes" : ""
    },
    "hantisverige.wordpress.com" : {
      "language" : "en",
      "type" : "fake ",
      "notes" : ""
    },
    "satiren.se" : {
      "language" : "en",
      "type" : "fake ",
      "notes" : ""
    },
    "huzlers.com" : {
      "language" : "en",
      "type" : "fake ",
      "notes" : ""
    },
    "dailybuzzlive.com" : {
      "language" : "en",
      "type" : "fake ",
      "notes" : ""
    },
    "speisa.com" : {
      "language" : "en",
      "type" : "fake ",
      "notes" : ""
    },
    "nationalreport.net" : {
      "language" : "en",
      "type" : "fake ",
      "notes" : ""
    },
    "callthecops.net" : {
      "language" : "en",
      "type" : "fake ",
      "notes" : ""
    },
    "carbolicsmoke.com" : {
      "language" : "en",
      "type" : "fake ",
      "notes" : ""
    },
    "svenskbladet.se" : {
      "language" : "en",
      "type" : "fake ",
      "notes" : ""
    },
    "theonion.com" : {
      "language" : "en",
      "type" : "fake ",
      "notes" : ""
    },
    "clickhole.com" : {
      "language" : "en",
      "type" : "fake ",
      "notes" : ""
    },
    "gronkoping.nu" : {
      "language" : "en",
      "type" : "fake ",
      "notes" : ""
    },
    "en.mediamass.net" : {
      "language" : "en",
      "type" : "fake ",
      "notes" : ""
    },
    "lightlybraisedturnip.com" : {
      "language" : "en",
      "type" : "fake ",
      "notes" : ""
    },
    "newyorker.com/online/blogs/borowitzreport" : {
      "language" : "en",
      "type" : "fake ",
      "notes" : ""
    },
    "thedailymash.co.uk" : {
      "language" : "en",
      "type" : "fake ",
      "notes" : ""
    },
    "mrconservative.com" : {
      "language" : "en",
      "type" : "fake ",
      "notes" : ""
    },
    "newsbiscuit.com" : {
      "language" : "en",
      "type" : "fake ",
      "notes" : ""
    },
    "sundsvallsbladet.se" : {
      "language" : "en",
      "type" : "fake ",
      "notes" : ""
    },
    "waterfordwhispersnews.com" : {
      "language" : "en",
      "type" : "fake ",
      "notes" : ""
    },
    "rokokoposten.dk" : {
      "language" : "en",
      "type" : "fake ",
      "notes" : ""
    },
    "heltnormalt.no" : {
      "language" : "en",
      "type" : "fake ",
      "notes" : ""
    },
    "viralshoot.se" : {
      "language" : "en",
      "type" : "fake ",
      "notes" : ""
    },
    "mysigast.se" : {
      "language" : "en",
      "type" : "fake ",
      "notes" : ""
    },
    "viralking.se" : {
      "language" : "en",
      "type" : "fake ",
      "notes" : ""
    },
    "nordpresse.be" : {
      "language" : "en",
      "type" : "fake ",
      "notes" : ""
    },
    "amplifyinglass.com" : {
      "language" : "en",
      "type" : "fake ",
      "notes" : ""
    },
    "avantnews.com" : {
      "language" : "en",
      "type" : "fake ",
      "notes" : ""
    },
    "jamstalldhetsfeministern.wordpress.com" : {
      "language" : "en",
      "type" : "fake ",
      "notes" : ""
    },
    "koling.nu" : {
      "language" : "en",
      "type" : "fake ",
      "notes" : ""
    },
    "riktigtsjukt.se" : {
      "language" : "en",
      "type" : "fake ",
      "notes" : ""
    },
    "nbcnews.com.co" : {
      "language" : "en",
      "type" : "fake ",
      "notes" : ""
    },
    "beforeitsnews.com" : {
      "language" : "en",
      "type" : "fake ",
      "notes" : ""
    },
    "gillat24.se" : {
      "language" : "en",
      "type" : "fake ",
      "notes" : ""
    },
    "viraltidag.com" : {
      "language" : "en",
      "type" : "fake ",
      "notes" : ""
    },
    "enduringvision.com" : {
      "language" : "en",
      "type" : "fake ",
      "notes" : ""
    }
}
