[

  {"url": "nyheternasverige.se", "type": "fake"},
  {"url": "vindoegat.se", "type": "fake"},
  {"url": "storkensnyheter.se", "type": "fake"},
  {"url": "70news.wordpress.com", "type": "fake"},
  {"url": "abcnews.com.co", "type": "fake"},
  {"url": "thestatelyharold.com", "type": "fake"},
  {"url": "theportlygazelle.com", "type": "fake"},
  {"url": "denfriakarolinen.se", "type": "fake"},
  {"url": "inzoomat.se'", "type": "fake"},
  {"url": "worldnewsdailyreport.com", "type": "fake"},
  {"url": "dailycurrant.com", "type": "fake"},
  {"url": "newsthump.com", "type": ""},
  {"url": "mogul.ws", "type": ""},
  {"url": "pakistantoday.com.pk/author/khabaristantoday", "type": ""},
  {"url": "hantisverige.wordpress.com", "type": ""},
  {"url": "satiren.se", "type": ""},
  {"url": "dailybuzzlive.com", "type": ""},
  {"url": "huzlers.com", "type": ""},
  {"url": "speisa.com", "type": ""},
  {"url": "nationalreport.net", "type": ""},
  {"url": "callthecops.net", "type": ""},
  {"url": "carbolicsmoke.com", "type": "fake"},
  {"url": "svenskbladet.se", "type": ""},
  {"url": "theonion.com", "type": ""},
  {"url": "gronkoping.nu", "type": ""},
  {"url": "en.mediamass.net", "type": ""},
  {"url": "lightlybraisedturnip.com", "type": ""},
  {"url": "newyorker.com/online/blogs/borowitzreport", "type": ""},
  {"url": "thedailymash.co.uk", "type": ""},
  {"url": "mrconservative.com", "type": ""},
  {"url": "newsbiscuit.com", "type": ""},
  {"url": "sundsvallsbladet.se", "type": ""},
  {"url": "waterfordwhispersnews.com", "type": ""},
  {"url": "rokokoposten.dk", "type": ""},
  {"url": "heltnormalt.no", "type": ""},
  {"url": "viralshoot.se", "type": ""},
  {"url": "mysigast.se", "type": ""},
  {"url": "viralking.se", "type": ""},
  {"url": "nordpresse.be", "type": ""},
  {"url": "amplifyinglass.com", "type": "fake"},
  {"url": "avantnews.com", "type": ""},
  {"url": "jamstalldhetsfeministern.wordpress.com", "type": ""},
  {"url": "koling.nu", "type": ""},
  {"url": "riktigtsjukt.se", "type": ""},
  {"url": "abcnews.com.co", "type": ""},
  {"url": "nbcnews.com.co", "type": ""},
  {"url": "beforeitsnews.com", "type": ""},
  {"url": "enduringvision.com", "type": ""}
]
